{
    "root_group": {
        "path": "",
        "id": "d41d8cd98f00b204e9800998ecf8427e",
        "groups": {},
        "checks": {
                "marketplace 200": {
                    "fails": 0,
                    "name": "marketplace 200",
                    "path": "::marketplace 200",
                    "id": "40ea85f2d0944593375f90e7f3d6b1ca",
                    "passes": 6609
                },
                "category 200": {
                    "name": "category 200",
                    "path": "::category 200",
                    "id": "af382476c76f88f9c2b10f328c4f6391",
                    "passes": 6609,
                    "fails": 0
                }
            },
        "name": ""
    },
    "metrics": {
        "checks": {
            "passes": 13218,
            "fails": 0,
            "value": 1
        },
        "data_received": {
            "count": 10642903,
            "rate": 118188.37895703973
        },
        "http_req_connecting": {
            "min": 0,
            "med": 0,
            "max": 0.802,
            "p(90)": 0,
            "p(95)": 0,
            "avg": 0.003229157209865335
        },
        "http_req_sending": {
            "avg": 0.012584203359055607,
            "min": 0.002,
            "med": 0.009,
            "max": 0.554,
            "p(90)": 0.021,
            "p(95)": 0.028
        },
        "bff_latency_ms": {
            "max": 97.725,
            "p(90)": 12.6788,
            "p(95)": 16.610449999999997,
            "avg": 7.049646088666996,
            "min": 1.572,
            "med": 5.6585,
            "thresholds": {
                "p(95)<500": false
            }
        },
        "http_req_receiving": {
            "avg": 0.1182796943561793,
            "min": 0.006,
            "med": 0.04,
            "max": 12.238,
            "p(90)": 0.3183000000000003,
            "p(95)": 0.462
        },
        "error_rate": {
            "fails": 13218,
            "passes": 0,
            "value": 0
        },
        "http_req_waiting": {
            "avg": 6.918782190951766,
            "min": 1.551,
            "med": 5.547,
            "max": 97.68,
            "p(90)": 12.555400000000002,
            "p(95)": 16.517449999999997
        },
        "vus": {
            "value": 1,
            "min": 1,
            "max": 10
        },
        "http_reqs": {
            "count": 13218,
            "rate": 146.78457494671812
        },
        "http_req_blocked": {
            "avg": 0.007027916477530633,
            "min": 0,
            "med": 0.002,
            "max": 1.952,
            "p(90)": 0.005,
            "p(95)": 0.006
        },
        "data_sent": {
            "count": 2676645,
            "rate": 29723.87642671042
        },
        "vus_max": {
            "value": 10,
            "min": 10,
            "max": 10
        },
        "http_req_tls_handshaking": {
            "p(95)": 0,
            "avg": 0,
            "min": 0,
            "med": 0,
            "max": 0,
            "p(90)": 0
        },
        "iteration_duration": {
            "avg": 114.67604781585715,
            "min": 104.428292,
            "med": 112.641959,
            "max": 205.200667,
            "p(90)": 122.8564922,
            "p(95)": 126.2175498
        },
        "iterations": {
            "count": 6609,
            "rate": 73.39228747335906
        },
        "http_req_duration{expected_response:true}": {
            "p(90)": 12.6788,
            "p(95)": 16.610449999999997,
            "avg": 7.049646088666996,
            "min": 1.572,
            "med": 5.6585,
            "max": 97.725
        },
        "http_req_failed": {
            "passes": 0,
            "fails": 13218,
            "value": 0
        },
        "http_req_duration": {
            "avg": 7.049646088666996,
            "min": 1.572,
            "med": 5.6585,
            "max": 97.725,
            "p(90)": 12.6788,
            "p(95)": 16.610449999999997
        }
    }
}