{
    "metrics": {
        "http_req_sending": {
            "min": 0.002,
            "med": 0.009,
            "max": 0.86,
            "p(90)": 0.02,
            "p(95)": 0.026,
            "avg": 0.011966267682263292
        },
        "checks": {
            "passes": 12866,
            "fails": 0,
            "value": 1
        },
        "http_req_connecting": {
            "avg": 0.0030013213119850766,
            "min": 0,
            "med": 0,
            "max": 0.581,
            "p(90)": 0,
            "p(95)": 0
        },
        "http_req_waiting": {
            "avg": 8.403231929115515,
            "min": 1.17,
            "med": 6.06,
            "max": 1456.862,
            "p(90)": 11.910500000000003,
            "p(95)": 16.194249999999993
        },
        "vus_max": {
            "min": 10,
            "max": 10,
            "value": 10
        },
        "bff_latency_ms": {
            "p(90)": 12.1235,
            "p(95)": 16.418999999999986,
            "avg": 8.545862194932376,
            "min": 1.237,
            "med": 6.1884999999999994,
            "max": 1457.11
        },
        "iteration_duration": {
            "max": 1565.096875,
            "p(90)": 122.7056,
            "p(95)": 127.66632499999999,
            "avg": 117.81849540665286,
            "min": 104.831958,
            "med": 113.86175
        },
        "http_req_receiving": {
            "p(95)": 0.504,
            "avg": 0.1306639981346169,
            "min": 0.006,
            "med": 0.038,
            "max": 24.164,
            "p(90)": 0.342
        },
        "data_sent": {
            "count": 2605365,
            "rate": 28916.640930207137
        },
        "http_reqs": {
            "count": 12866,
            "rate": 142.79822681583772
        },
        "data_received": {
            "count": 10359505,
            "rate": 114978.93243353062
        },
        "http_req_duration{expected_response:true}": {
            "avg": 8.545862194932376,
            "min": 1.237,
            "med": 6.1884999999999994,
            "max": 1457.11,
            "p(90)": 12.1235,
            "p(95)": 16.418999999999986
        },
        "error_rate": {
            "passes": 0,
            "fails": 12866,
            "thresholds": {
                "rate==0": false
            },
            "value": 0
        },
        "http_req_tls_handshaking": {
            "avg": 0,
            "min": 0,
            "med": 0,
            "max": 0,
            "p(90)": 0,
            "p(95)": 0
        },
        "iterations": {
            "count": 6433,
            "rate": 71.39911340791886
        },
        "vus": {
            "value": 1,
            "min": 1,
            "max": 10
        },
        "http_req_duration": {
            "avg": 8.545862194932376,
            "min": 1.237,
            "med": 6.1884999999999994,
            "max": 1457.11,
            "p(90)": 12.1235,
            "p(95)": 16.418999999999986
        },
        "http_req_blocked": {
            "p(95)": 0.006,
            "avg": 0.006724389864759884,
            "min": 0,
            "med": 0.002,
            "max": 1.661,
            "p(90)": 0.005
        },
        "http_req_failed": {
            "passes": 0,
            "fails": 12866,
            "value": 0
        }
    },
    "root_group": {
        "name": "",
        "path": "",
        "id": "d41d8cd98f00b204e9800998ecf8427e",
        "groups": {},
        "checks": {
                "marketplace 200": {
                    "name": "marketplace 200",
                    "path": "::marketplace 200",
                    "id": "40ea85f2d0944593375f90e7f3d6b1ca",
                    "passes": 6433,
                    "fails": 0
                },
                "category 200": {
                    "name": "category 200",
                    "path": "::category 200",
                    "id": "af382476c76f88f9c2b10f328c4f6391",
                    "passes": 6433,
                    "fails": 0
                }
            }
    }
}