{
    "root_group": {
        "name": "",
        "path": "",
        "id": "d41d8cd98f00b204e9800998ecf8427e",
        "groups": {},
        "checks": {
                "marketplace 200": {
                    "fails": 248,
                    "name": "marketplace 200",
                    "path": "::marketplace 200",
                    "id": "40ea85f2d0944593375f90e7f3d6b1ca",
                    "passes": 2072
                },
                "category 200": {
                    "name": "category 200",
                    "path": "::category 200",
                    "id": "af382476c76f88f9c2b10f328c4f6391",
                    "passes": 2073,
                    "fails": 247
                }
            }
    },
    "metrics": {
        "http_req_failed": {
            "passes": 495,
            "fails": 4145,
            "value": 0.10668103448275862
        },
        "vus": {
            "min": 1,
            "max": 10,
            "value": 2
        },
        "http_req_connecting": {
            "avg": 0.002833620689655172,
            "min": 0,
            "med": 0,
            "max": 0.361,
            "p(90)": 0,
            "p(95)": 0
        },
        "checks": {
            "fails": 495,
            "passes": 4145,
            "value": 0.8933189655172413
        },
        "error_rate": {
            "fails": 4145,
            "passes": 495,
            "value": 0.10668103448275862
        },
        "iteration_duration": {
            "p(95)": 2271.387223249908,
            "avg": 332.2058171379304,
            "min": 104.503083,
            "med": 119.6588955,
            "max": 4161.554333,
            "p(90)": 205.3416119
        },
        "iterations": {
            "count": 2320,
            "rate": 25.54584534483566
        },
        "data_received": {
            "count": 3554369,
            "rate": 39137.65550537853
        },
        "http_reqs": {
            "count": 4640,
            "rate": 51.09169068967132
        },
        "http_req_sending": {
            "avg": 0.014421982758620914,
            "min": 0.003,
            "med": 0.011,
            "max": 1.703,
            "p(90)": 0.021,
            "p(95)": 0.027
        },
        "bff_latency_ms": {
            "avg": 115.80354439655163,
            "min": 2,
            "med": 9.067499999999999,
            "max": 2056.72,
            "p(90)": 38.628300000000046,
            "p(95)": 1044.5403499999993,
            "thresholds": {
                "p(95)<500": true
            }
        },
        "data_sent": {
            "count": 939600,
            "rate": 10346.067364658442
        },
        "http_req_waiting": {
            "avg": 115.5987829741378,
            "min": 1.627,
            "med": 8.8595,
            "max": 2056.647,
            "p(90)": 38.518800000000006,
            "p(95)": 1044.3367499999995
        },
        "http_req_receiving": {
            "p(95)": 0.724,
            "avg": 0.19033943965517294,
            "min": 0.008,
            "med": 0.065,
            "max": 8.314,
            "p(90)": 0.464
        },
        "vus_max": {
            "value": 10,
            "min": 10,
            "max": 10
        },
        "http_req_duration": {
            "avg": 115.80354439655163,
            "min": 2,
            "med": 9.067499999999999,
            "max": 2056.72,
            "p(90)": 38.628300000000046,
            "p(95)": 1044.5403499999993
        },
        "http_req_duration{expected_response:true}": {
            "min": 2.586,
            "med": 8.846,
            "max": 1081.677,
            "p(90)": 20.471200000000003,
            "p(95)": 32.22319999999999,
            "avg": 15.560074547647773
        },
        "http_req_tls_handshaking": {
            "min": 0,
            "med": 0,
            "max": 0,
            "p(90)": 0,
            "p(95)": 0,
            "avg": 0
        },
        "http_req_blocked": {
            "med": 0.002,
            "max": 1.083,
            "p(90)": 0.005,
            "p(95)": 0.006,
            "avg": 0.006462284482758644,
            "min": 0
        }
    }
}