{
    "root_group": {
        "groups": {},
        "checks": {
                "marketplace 200": {
                    "name": "marketplace 200",
                    "path": "::marketplace 200",
                    "id": "40ea85f2d0944593375f90e7f3d6b1ca",
                    "passes": 6538,
                    "fails": 0
                },
                "category 200": {
                    "passes": 6538,
                    "fails": 0,
                    "name": "category 200",
                    "path": "::category 200",
                    "id": "af382476c76f88f9c2b10f328c4f6391"
                }
            },
        "name": "",
        "path": "",
        "id": "d41d8cd98f00b204e9800998ecf8427e"
    },
    "metrics": {
        "http_req_blocked": {
            "p(95)": 0.006,
            "avg": 0.007200137656775749,
            "min": 0,
            "med": 0.002,
            "max": 1.406,
            "p(90)": 0.005
        },
        "http_req_connecting": {
            "avg": 0.0034972468644845498,
            "min": 0,
            "med": 0,
            "max": 0.617,
            "p(90)": 0,
            "p(95)": 0
        },
        "http_req_failed": {
            "passes": 0,
            "fails": 13076,
            "value": 0
        },
        "checks": {
            "passes": 13076,
            "fails": 0,
            "value": 1
        },
        "iterations": {
            "rate": 72.57995070669038,
            "count": 6538
        },
        "error_rate": {
            "passes": 0,
            "fails": 13076,
            "thresholds": {
                "rate==0": false
            },
            "value": 0
        },
        "http_req_duration{expected_response:true}": {
            "min": 1.508,
            "med": 6.173,
            "max": 119.949,
            "p(90)": 14.166,
            "p(95)": 18.691,
            "avg": 7.640703273172238
        },
        "data_sent": {
            "count": 2647890,
            "rate": 29394.880036209604
        },
        "data_received": {
            "count": 10528555,
            "rate": 116880.08609860485
        },
        "iteration_duration": {
            "avg": 115.90546127607813,
            "min": 104.993916,
            "med": 114.30002049999999,
            "max": 229.782833,
            "p(90)": 124.57342129999999,
            "p(95)": 127.16051424999999
        },
        "vus": {
            "value": 1,
            "min": 1,
            "max": 10
        },
        "vus_max": {
            "min": 10,
            "max": 10,
            "value": 10
        },
        "http_reqs": {
            "count": 13076,
            "rate": 145.15990141338077
        },
        "http_req_duration": {
            "med": 6.173,
            "max": 119.949,
            "p(90)": 14.166,
            "p(95)": 18.691,
            "avg": 7.640703273172238,
            "min": 1.508
        },
        "http_req_sending": {
            "avg": 0.012398745793820632,
            "min": 0.002,
            "med": 0.009,
            "max": 1.254,
            "p(90)": 0.02,
            "p(95)": 0.026
        },
        "http_req_receiving": {
            "avg": 0.11498317528296094,
            "min": 0.006,
            "med": 0.037,
            "max": 32.541,
            "p(90)": 0.311,
            "p(95)": 0.454
        },
        "http_req_tls_handshaking": {
            "avg": 0,
            "min": 0,
            "med": 0,
            "max": 0,
            "p(90)": 0,
            "p(95)": 0
        },
        "http_req_waiting": {
            "p(95)": 18.603999999999996,
            "avg": 7.513321352095469,
            "min": 1.384,
            "med": 6.049,
            "max": 119.877,
            "p(90)": 14.0395
        },
        "bff_latency_ms": {
            "avg": 7.640703273172239,
            "min": 1.508,
            "med": 6.173,
            "max": 119.949,
            "p(90)": 14.166,
            "p(95)": 18.691
        }
    }
}