{
    "root_group": {
        "name": "",
        "path": "",
        "id": "d41d8cd98f00b204e9800998ecf8427e",
        "groups": {},
        "checks": {
                "marketplace 200": {
                    "id": "40ea85f2d0944593375f90e7f3d6b1ca",
                    "passes": 748,
                    "fails": 4891,
                    "name": "marketplace 200",
                    "path": "::marketplace 200"
                },
                "category 200": {
                    "name": "category 200",
                    "path": "::category 200",
                    "id": "af382476c76f88f9c2b10f328c4f6391",
                    "passes": 536,
                    "fails": 5103
                }
            }
    },
    "metrics": {
        "data_received": {
            "count": 6746345,
            "rate": 74955.9475780512
        },
        "vus_max": {
            "value": 10,
            "min": 10,
            "max": 10
        },
        "iteration_duration": {
            "med": 112.173292,
            "max": 1429.668125,
            "p(90)": 177.70324120000006,
            "p(95)": 277.82588329999993,
            "avg": 134.40416478967876,
            "min": 102.881375
        },
        "bff_latency_ms": {
            "p(95)": 72.41854999999995,
            "avg": 16.738443607022525,
            "min": 1.104,
            "med": 5.1925,
            "max": 1211.385,
            "p(90)": 21.360900000000033,
            "thresholds": {
                "p(95)<500": false
            }
        },
        "http_req_sending": {
            "min": 0.003,
            "med": 0.013,
            "max": 3.33,
            "p(90)": 0.034,
            "p(95)": 0.049,
            "avg": 0.02060489448483729
        },
        "http_req_tls_handshaking": {
            "avg": 0,
            "min": 0,
            "med": 0,
            "max": 0,
            "p(90)": 0,
            "p(95)": 0
        },
        "http_req_duration": {
            "p(95)": 72.41854999999995,
            "avg": 16.738443607022525,
            "min": 1.104,
            "med": 5.1925,
            "max": 1211.385,
            "p(90)": 21.360900000000033
        },
        "http_req_waiting": {
            "avg": 16.567629366909014,
            "min": 1.041,
            "med": 5.03,
            "max": 1211.351,
            "p(90)": 21.06960000000001,
            "p(95)": 72.3459
        },
        "error_rate": {
            "passes": 9994,
            "fails": 1284,
            "thresholds": {
                "rate<0.01": true
            },
            "value": 0.886150026600461
        },
        "http_req_connecting": {
            "p(90)": 0.27130000000000026,
            "p(95)": 0.328,
            "avg": 0.09203156588047544,
            "min": 0,
            "med": 0,
            "max": 56.72
        },
        "vus": {
            "value": 1,
            "min": 1,
            "max": 10
        },
        "http_req_receiving": {
            "avg": 0.15020934562865693,
            "min": 0.008,
            "med": 0.056,
            "max": 11.488,
            "p(90)": 0.33430000000000026,
            "p(95)": 0.527
        },
        "data_sent": {
            "count": 1753729,
            "rate": 19484.98320054906
        },
        "http_req_blocked": {
            "max": 57.293,
            "p(90)": 0.32,
            "p(95)": 0.384,
            "avg": 0.11068584855470065,
            "min": 0,
            "med": 0.003
        },
        "checks": {
            "passes": 1284,
            "fails": 9994,
            "value": 0.11384997339953892
        },
        "http_reqs": {
            "rate": 125.30535820288785,
            "count": 11278
        },
        "http_req_failed": {
            "passes": 9994,
            "fails": 1284,
            "value": 0.886150026600461
        },
        "iterations": {
            "count": 5639,
            "rate": 62.65267910144392
        },
        "http_req_duration{expected_response:true}": {
            "p(90)": 154.60700000000003,
            "p(95)": 227.2790499999998,
            "avg": 41.5341066978193,
            "min": 2.45,
            "med": 9.5645,
            "max": 599.273
        }
    }
}