{
    "root_group": {
        "name": "",
        "path": "",
        "id": "d41d8cd98f00b204e9800998ecf8427e",
        "groups": {},
        "checks": {
                "marketplace 200": {
                    "name": "marketplace 200",
                    "path": "::marketplace 200",
                    "id": "40ea85f2d0944593375f90e7f3d6b1ca",
                    "passes": 1187,
                    "fails": 3720
                },
                "category 200": {
                    "id": "af382476c76f88f9c2b10f328c4f6391",
                    "passes": 1187,
                    "fails": 3720,
                    "name": "category 200",
                    "path": "::category 200"
                }
            }
    },
    "metrics": {
        "http_req_tls_handshaking": {
            "med": 0,
            "max": 0,
            "p(90)": 0,
            "p(95)": 0,
            "avg": 0,
            "min": 0
        },
        "http_reqs": {
            "rate": 163.55582836710687,
            "count": 9814
        },
        "http_req_failed": {
            "passes": 7440,
            "fails": 2374,
            "value": 0.7581006725086611
        },
        "bff_latency_ms": {
            "p(95)": 15.92334999999999,
            "avg": 10.655748726309406,
            "min": 0.614,
            "med": 3.5925000000000002,
            "max": 3009.275,
            "p(90)": 11.2271,
            "thresholds": {
                "p(95)<500": false
            }
        },
        "http_req_sending": {
            "p(90)": 0.031,
            "p(95)": 0.045,
            "avg": 0.020059404931729835,
            "min": 0.003,
            "med": 0.012,
            "max": 2.622
        },
        "http_req_waiting": {
            "max": 3009.16,
            "p(90)": 11.027700000000001,
            "p(95)": 15.617449999999996,
            "avg": 10.515324230690814,
            "min": 0.582,
            "med": 3.487
        },
        "http_req_duration{expected_response:true}": {
            "max": 175.881,
            "p(90)": 24.6277,
            "p(95)": 50.700649999999975,
            "avg": 14.58178096040435,
            "min": 2.523,
            "med": 9.394
        },
        "http_req_receiving": {
            "min": 0.007,
            "med": 0.036,
            "max": 17.265,
            "p(90)": 0.285,
            "p(95)": 0.49134999999999956,
            "avg": 0.12036509068677316
        },
        "checks": {
            "fails": 7440,
            "passes": 2374,
            "value": 0.2418993274913389
        },
        "iterations": {
            "count": 4907,
            "rate": 81.77791418355343
        },
        "http_req_blocked": {
            "max": 1.792,
            "p(90)": 0.007,
            "p(95)": 0.011,
            "avg": 0.011088241287955988,
            "min": 0,
            "med": 0.003
        },
        "data_received": {
            "count": 5175296,
            "rate": 86249.21788516147
        },
        "vus_max": {
            "value": 10,
            "min": 10,
            "max": 10
        },
        "http_req_connecting": {
            "avg": 0.0043296311391889135,
            "min": 0,
            "med": 0,
            "max": 0.919,
            "p(90)": 0,
            "p(95)": 0
        },
        "data_sent": {
            "count": 1987335,
            "rate": 33120.05524433914
        },
        "vus": {
            "value": 10,
            "min": 10,
            "max": 10
        },
        "http_req_duration": {
            "avg": 10.655748726309406,
            "min": 0.614,
            "med": 3.5925000000000002,
            "max": 3009.275,
            "p(90)": 11.2271,
            "p(95)": 15.92334999999999
        },
        "iteration_duration": {
            "p(90)": 123.204358,
            "p(95)": 138.599991,
            "avg": 122.25383745832504,
            "min": 101.820709,
            "med": 108.399416,
            "max": 3112.854709
        },
        "error_rate": {
            "passes": 7440,
            "fails": 2374,
            "thresholds": {
                "rate<0.01": true
            },
            "value": 0.7581006725086611
        }
    }
}