{
    "metrics": {
        "data_received": {
            "rate": 51651.04186532835,
            "count": 3102336
        },
        "bff_latency_ms": {
            "avg": 47.790545259545226,
            "min": 0.698,
            "med": 5.2669999999999995,
            "max": 641.787,
            "p(90)": 207.3629,
            "p(95)": 209.8338,
            "thresholds": {
                "p(95)<500": false
            }
        },
        "http_req_connecting": {
            "med": 0,
            "max": 1.613,
            "p(90)": 0,
            "p(95)": 0,
            "avg": 0.004167310167310168,
            "min": 0
        },
        "http_req_failed": {
            "passes": 1989,
            "fails": 2673,
            "value": 0.4266409266409266
        },
        "iterations": {
            "count": 2331,
            "rate": 38.80900669304691
        },
        "http_req_duration": {
            "max": 641.787,
            "p(90)": 207.3629,
            "p(95)": 209.8338,
            "avg": 47.790545259545226,
            "min": 0.698,
            "med": 5.2669999999999995
        },
        "vus_max": {
            "value": 10,
            "min": 10,
            "max": 10
        },
        "http_reqs": {
            "count": 4662,
            "rate": 77.61801338609382
        },
        "http_req_receiving": {
            "p(90)": 0.167,
            "p(95)": 0.2918499999999994,
            "avg": 0.086930287430287,
            "min": 0.006,
            "med": 0.046,
            "max": 2.731
        },
        "error_rate": {
            "passes": 1989,
            "fails": 2673,
            "value": 0.4266409266409266
        },
        "checks": {
            "passes": 2673,
            "fails": 1989,
            "value": 0.5733590733590733
        },
        "http_req_sending": {
            "min": 0.003,
            "med": 0.015,
            "max": 4.18,
            "p(90)": 0.033,
            "p(95)": 0.046,
            "avg": 0.022471685971686355
        },
        "http_req_waiting": {
            "p(90)": 207.2449,
            "p(95)": 209.71975,
            "avg": 47.6811432861433,
            "min": 0.658,
            "med": 5.162,
            "max": 641.702
        },
        "iteration_duration": {
            "max": 757.58775,
            "p(90)": 320.530833,
            "p(95)": 334.418146,
            "avg": 196.57896061261218,
            "min": 102.389667,
            "med": 112.754958
        },
        "http_req_duration{expected_response:true}": {
            "max": 641.787,
            "p(90)": 208.8194,
            "p(95)": 212.74159999999998,
            "avg": 46.569806210250725,
            "min": 1.543,
            "med": 5.901
        },
        "data_sent": {
            "count": 692307,
            "rate": 11526.274987834933
        },
        "http_req_blocked": {
            "p(95)": 0.011,
            "avg": 0.0110216645216647,
            "min": 0,
            "med": 0.004,
            "max": 1.907,
            "p(90)": 0.008
        },
        "vus": {
            "value": 1,
            "min": 1,
            "max": 10
        },
        "http_req_tls_handshaking": {
            "avg": 0,
            "min": 0,
            "med": 0,
            "max": 0,
            "p(90)": 0,
            "p(95)": 0
        }
    },
    "root_group": {
        "id": "d41d8cd98f00b204e9800998ecf8427e",
        "groups": {},
        "checks": {
                "marketplace 200": {
                    "id": "40ea85f2d0944593375f90e7f3d6b1ca",
                    "passes": 1538,
                    "fails": 793,
                    "name": "marketplace 200",
                    "path": "::marketplace 200"
                },
                "category 200": {
                    "name": "category 200",
                    "path": "::category 200",
                    "id": "af382476c76f88f9c2b10f328c4f6391",
                    "passes": 1135,
                    "fails": 1196
                }
            },
        "name": "",
        "path": ""
    }
}