{
    "root_group": {
        "path": "",
        "id": "d41d8cd98f00b204e9800998ecf8427e",
        "groups": {},
        "checks": {
                "marketplace 200": {
                    "name": "marketplace 200",
                    "path": "::marketplace 200",
                    "id": "40ea85f2d0944593375f90e7f3d6b1ca",
                    "passes": 1527,
                    "fails": 18009
                },
                "category 200": {
                    "name": "category 200",
                    "path": "::category 200",
                    "id": "af382476c76f88f9c2b10f328c4f6391",
                    "passes": 1510,
                    "fails": 18026
                }
            },
        "name": ""
    },
    "metrics": {
        "http_req_receiving": {
            "avg": 0.12423269860769796,
            "min": 0.005,
            "med": 0.022,
            "max": 37.473,
            "p(90)": 0.268,
            "p(95)": 0.571
        },
        "data_received": {
            "count": 18256644,
            "rate": 194643.72706645288
        },
        "error_rate": {
            "passes": 36035,
            "fails": 3037,
            "thresholds": {
                "rate<0.01": true
            },
            "value": 0.9222717035217035
        },
        "http_req_connecting": {
            "avg": 0.004674088861588862,
            "min": 0,
            "med": 0,
            "max": 3.533,
            "p(90)": 0,
            "p(95)": 0
        },
        "checks": {
            "passes": 3037,
            "fails": 36035,
            "value": 0.07772829647829647
        },
        "bff_latency_ms": {
            "med": 3.162,
            "max": 3025.144,
            "p(90)": 10.104700000000003,
            "p(95)": 15.771799999999992,
            "avg": 7.83698441339062,
            "min": 0.474,
            "thresholds": {
                "p(95)<500": false
            }
        },
        "iteration_duration": {
            "max": 5332.3675,
            "p(90)": 120.89150000000001,
            "p(95)": 133.8112505,
            "avg": 116.29849398530921,
            "min": 101.207875,
            "med": 107.26427050000001
        },
        "http_req_duration": {
            "avg": 7.83698441339062,
            "min": 0.474,
            "med": 3.162,
            "max": 3025.144,
            "p(90)": 10.104700000000003,
            "p(95)": 15.771799999999992
        },
        "http_req_blocked": {
            "p(90)": 0.006,
            "p(95)": 0.008,
            "avg": 0.008998669123668188,
            "min": 0,
            "med": 0.002,
            "max": 8.244
        },
        "http_req_failed": {
            "passes": 36035,
            "fails": 3037,
            "value": 0.9222717035217035
        },
        "http_req_sending": {
            "p(90)": 0.024,
            "p(95)": 0.037,
            "avg": 0.01536299651924421,
            "min": 0.002,
            "med": 0.008,
            "max": 8.642
        },
        "http_req_waiting": {
            "max": 3024.805,
            "p(90)": 9.9379,
            "p(95)": 15.510699999999956,
            "avg": 7.697388718263712,
            "min": 0.423,
            "med": 3.039
        },
        "vus_max": {
            "value": 30,
            "min": 30,
            "max": 30
        },
        "http_req_duration{expected_response:true}": {
            "avg": 25.699149489627963,
            "min": 2.186,
            "med": 13.994,
            "max": 394.876,
            "p(90)": 54.007600000000004,
            "p(95)": 82.05359999999999
        },
        "http_reqs": {
            "count": 39072,
            "rate": 416.56723458815577
        },
        "iterations": {
            "count": 19536,
            "rate": 208.28361729407789
        },
        "vus": {
            "max": 30,
            "value": 1,
            "min": 1
        },
        "data_sent": {
            "rate": 84354.86500410155,
            "count": 7912080
        },
        "http_req_tls_handshaking": {
            "max": 0,
            "p(90)": 0,
            "p(95)": 0,
            "avg": 0,
            "min": 0,
            "med": 0
        }
    }
}