{
    "root_group": {
        "name": "",
        "path": "",
        "id": "d41d8cd98f00b204e9800998ecf8427e",
        "groups": {},
        "checks": {
                "marketplace burst 200": {
                    "passes": 6057,
                    "fails": 0,
                    "name": "marketplace burst 200",
                    "path": "::marketplace burst 200",
                    "id": "87c6efe46c707f15cadb9a5a36dbb1dd"
                }
            }
    },
    "metrics": {
        "http_req_tls_handshaking": {
            "avg": 0,
            "min": 0,
            "med": 0,
            "max": 0,
            "p(90)": 0,
            "p(95)": 0
        },
        "bff_latency_ms": {
            "avg": 8.555762918936724,
            "min": 2.342,
            "med": 6.092,
            "max": 1065.651,
            "p(90)": 12.951000000000004,
            "p(95)": 22.934999999999967
        },
        "data_sent": {
            "count": 1502136,
            "rate": 50065.37072200227
        },
        "data_received": {
            "count": 1836411,
            "rate": 61206.573514623786
        },
        "http_req_connecting": {
            "p(90)": 0,
            "p(95)": 0,
            "avg": 0.002048208684167079,
            "min": 0,
            "med": 0,
            "max": 0.431
        },
        "http_req_receiving": {
            "max": 11.016,
            "p(90)": 0.3624000000000001,
            "p(95)": 0.5041999999999998,
            "avg": 0.15549331352154444,
            "min": 0.009,
            "med": 0.069
        },
        "http_req_duration{expected_response:true}": {
            "avg": 8.555762918936724,
            "min": 2.342,
            "med": 6.092,
            "max": 1065.651,
            "p(90)": 12.951000000000004,
            "p(95)": 22.934999999999967
        },
        "iterations": {
            "rate": 201.87649484678334,
            "count": 6057
        },
        "vus": {
            "value": 1,
            "min": 1,
            "max": 2
        },
        "http_req_failed": {
            "passes": 0,
            "fails": 6057,
            "value": 0
        },
        "error_rate": {
            "passes": 0,
            "fails": 6057,
            "thresholds": {
                "rate==0": false
            },
            "value": 0
        },
        "iteration_duration": {
            "p(90)": 13.038924800000002,
            "p(95)": 23.10219139999999,
            "avg": 8.660004801056633,
            "min": 2.421958,
            "med": 6.192125,
            "max": 1065.766333
        },
        "http_req_duration": {
            "avg": 8.555762918936724,
            "min": 2.342,
            "med": 6.092,
            "max": 1065.651,
            "p(90)": 12.951000000000004,
            "p(95)": 22.934999999999967
        },
        "http_req_sending": {
            "avg": 0.01312349347862004,
            "min": 0.003,
            "med": 0.012,
            "max": 0.55,
            "p(90)": 0.017,
            "p(95)": 0.02
        },
        "checks": {
            "passes": 6057,
            "fails": 0,
            "value": 1
        },
        "http_req_waiting": {
            "avg": 8.387146111936575,
            "min": 2.303,
            "med": 5.953,
            "max": 1065.402,
            "p(90)": 12.6072,
            "p(95)": 22.837399999999995
        },
        "http_reqs": {
            "count": 6057,
            "rate": 201.87649484678334
        },
        "vus_max": {
            "value": 2,
            "min": 2,
            "max": 2
        },
        "http_req_blocked": {
            "avg": 0.005260029717681892,
            "min": 0,
            "med": 0.002,
            "max": 0.558,
            "p(90)": 0.003,
            "p(95)": 0.004
        }
    }
}